[
  {
    "tradeName": "账户管理",
    "iconPath": "../../static/trademenu/HandyServices.png",
    "isEnabled": true,
    "children": [
      {
        "tradeName": "开户",
        "iconPath": "../../static/trademenu/HandyServices.png",
        "isEnabled": true,
        "flow": [
          {
            "name": "请插入身份证",
            "modules": "readIDCard"
          },
          {
            "name": "请输入指纹",
            "modules": "fingerPrint"
          },
          {
            "name": "请放入钞票",
            "modules": "inputNote"
          },{
            "name":"打印凭条",
            "modules":"printReceipt"
          }
        ],
        "code": 1001
      },
      {
        "tradeName": "借记卡领卡",
        "iconPath": "../../static/trademenu/HandyServices.png",
        "isEnabled": true,
        "flow":[
          {
            "name": "请插入身份证1",
            "modules": "readIDCard"
          },
          {
            "name": "请输入指纹1",
            "modules": "fingerPrints"
          },
          {
            "name": "请放入钞票1",
            "modules": "putNote"
          }
        ],
        "code": 1002
      },
      {
        "tradeName": "按证件号查询持卡人卡号",
        "iconPath": "../../static/trademenu/HandyServices.png",
        "isEnabled": true,
        "flow": [
          "readIDCard",
          "fingerPrints",
          "putNote"
        ],
        "code": 1003
      },
      {
        "tradeName": "基本账户查询",
        "iconPath": "../../static/trademenu/HandyServices.png",
        "isEnabled": true,
        "flow": [
          "readIDCard",
          "fingerPrints",
          "putNote"
        ],
        "code": 1004
      },
      {
        "tradeName": "借记卡密码重置",
        "iconPath": "../../static/trademenu/HandyServices.png",
        "isEnabled": true,
        "flow": [
          "readIDCard",
          "fingerPrints",
          "putNote"
        ],
        "code": 1005
      },
      {
        "tradeName": "补登折",
        "iconPath": "../../static/trademenu/HandyServices.png",
        "isEnabled": true,
        "flow": [
          "readIDCard",
          "fingerPrints",
          "putNote"
        ],
        "code": 1006
      },
      {
        "tradeName": "存折补磁",
        "iconPath": "../../static/trademenu/HandyServices.png",
        "isEnabled": true,
        "flow": [
          "readIDCard",
          "fingerPrints",
          "putNote"
        ],
        "code": 1007
      }
    ]
  },
  {
    "tradeName": "缴费打印",
    "iconPath": "../../static/trademenu/search.png",
    "isEnabled": true,
    "children": [
      {
        "tradeName": "  活期交易明细查询打印",
        "iconPath": "../../static/trademenu/HandyServices.png",
        "isEnabled": true,
        "flow": [
          "readIDCard",
          "fingerPrints",
          "putNote"
        ],
        "code": 2001
      }
    ]
  },
  {
    "tradeName": "转账类",
    "iconPath": "../../static/trademenu/recharge.png",
    "isEnabled": true,
    "children": [
      {
        "tradeName": "  活期交易明细查询打印",
        "iconPath": "../../static/trademenu/HandyServices.png",
        "isEnabled": true,
        "flow": [
          "readIDCard",
          "fingerPrints",
          "putNote"
        ],
        "code": 2001
      }
    ]
  },
  {
    "tradeName": "短信通知",
    "iconPath": "../../static/trademenu/EleBank.png",
    "isEnabled": true,
    "children": [
      {
        "tradeName": "  活期交易明细查询打印",
        "iconPath": "../../static/trademenu/HandyServices.png",
        "isEnabled": true,
        "flow": [
          "readIDCard",
          "fingerPrints",
          "putNote"
        ],
        "code": 2001
      }
    ]
  },
  {
    "tradeName": "电子银行",
    "iconPath": "../../static/trademenu/PersonalFinance.png",
    "isEnabled": true,
    "children": [
      {
        "tradeName": "  活期交易明细查询打印",
        "iconPath": "../../static/trademenu/HandyServices.png",
        "isEnabled": true,
        "flow": [
          "readIDCard",
          "fingerPrints",
          "putNote"
        ],
        "code": 2001
      }
    ]
  },
  {
    "tradeName": "循环贷款卡",
    "iconPath": "../../static/trademenu/MyFinances.png",
    "isEnabled": true,
    "children": [
      {
        "tradeName": "  活期交易明细查询打印",
        "iconPath": "../../static/trademenu/HandyServices.png",
        "isEnabled": true,
        "flow": [
          "readIDCard",
          "fingerPrints",
          "putNote"
        ],
        "code": 2001
      }
    ]
  },
  {
    "tradeName": "公务卡",
    "iconPath": "../../static/trademenu/BuffetCard.png",
    "isEnabled": true,
    "children": [
      {
        "tradeName": "  活期交易明细查询打印",
        "iconPath": "../../static/trademenu/HandyServices.png",
        "isEnabled": true,
        "flow": [
          "readIDCard",
          "fingerPrints",
          "putNote"
        ],
        "code": 2001
      }
    ]
  },
  {
    "tradeName": "借记卡操作",
    "iconPath": "../../static/trademenu/CardActivation.png",
    "isEnabled": true,
    "children": [
      {
        "tradeName": "  活期交易明细查询打印",
        "iconPath": "",
        "isEnabled": true,
        "flow": [
          "readIDCard",
          "fingerPrints",
          "putNote"
        ],
        "code": 2001
      }
    ]
  },
  {
    "tradeName": "缴费打印7",
    "iconPath": "../../static/trademenu/HandyServices.png",
    "isEnabled": true,
    "children": [
      {
        "tradeName": "  活期交易明细查询打印",
        "iconPath": "",
        "isEnabled": true,
        "flow": [
          "readIDCard",
          "fingerPrints",
          "putNote"
        ],
        "code": 2001
      }
    ]
  }
]